,,,,,,,,,
,Assaults,,,,,,,,
,,,,,,,,,
,Inner Sphere,,,,,,,,
,,,,,,,,,
,Fafnir,FNR-5,FNR-5B,FNR-6U (Jihad),,,,,
,Overview,http://cfw.sarna.net/wiki/images/7/74/Fafnir_FMLA.jpg,,,,,,,
,Type,Battlemech,Battlemech,Battlemech,,,,,
,Tonnage,100,100,100,,,,,
,Engine,300 Standard,300 Standard,300 Light Fusion,,,,,
,Top Speed,48.6 kph,48.6 kph,48.6 kph,,,,,
,Max. Engine,360,360,360,,,,,
,Armor,Standard,Standard,Light Ferro-Fibrous,,,,,
,Internal Structure,Endo-Steel,Endo-Steel,Standard,,,,,
,Heat Sinks,10 Double,14 Double,12 Double,,,,,
,Jump Jets,No,No,No,,,,,
,ECM Capable,Yes,Yes,No,,,,,
,MASC Capable,No,No,No,,,,,
,Weapons and Equipment,,,,,,,,
,Head,Medium Pulse Laser,Medium Pulse Laser,,,,,,
,Left Arm,"ER Medium Laser, Gauss Ammo x2",ER Medium Laser x2,Ultra AC/20,,,,,
,Left Torso,"Heavy Gauss Rifle, CASE","Gauss Rifle, CASE, Double Heat Sink","Light PPC x2, UAC Ammo x3, CASE",,,,,
,Center Torso,"Engine, ECM","Engine, ECM",Engine,,,,,
,Right Torso,"Heavy Gauss Rifle, CASE","Gauss Rifle, CASE, Double Heat Sink","Light PPC x2, UAC Ammo x3, CASE",,,,,
,Right Arm,"ER Medium Laser, Gauss Ammo x2","ER Large Laser, ER Medium Laser",Ultra AC/20,,,,,
,Left Leg,Gauss Ammo x2,Gauss Ammo x2,,,,,,
,Right Leg,Gauss Ammo x2,Gauss Ammo x2,,,,,,
,Hardpoints,,,,,,,,
,Head,1 Energy,1 Energy,,,,,,
,Left Arm,1 Energy (Available Actuators: Upper),2 Energy (Available Actuators: Upper),2(1) Ballistic (Available Actuators: Upper),,,,,
,Left Torso,2(1) Ballistic,1 Ballistic,2 Energy,,,,,
,Center Torso,ECM,ECM,,,,,,
,Right Torso,2(1) Ballistic,1 Ballistic,2 Energy,,,,,
,Right Arm,1 Energy (Available Actuators: Upper),2 Energy (Available Actuators: Upper),2(1) Ballistic (Available Actuators: Upper),,,,,
,,,,,,,,,
,,,,,,,,,
,Berserker,BRZ-A3,BRZ-B3,BRZ-C3,,,,,
,Overview,http://cfw.sarna.net/wiki/images/1/1c/3055u_Berserker.jpg,,,,,,,
,Type,Battlemech,Battlemech,Battlemech,,,,,
,Tonnage,100,100,100,,,,,
,Engine,400 XL,400 XL,400 Light Fusion,,,,,
,Top Speed,64.8 kph,64.8 kph,64.8 kph,,,,,
,Max. Engine,400,400,400,,,,,
,Armor,Standard,Standard,Standard,,,,,
,Internal Structure,Endo-Steel,Endo-Steel,Endo-Steel,,,,,
,Heat Sinks,16 Double,16 Double,15 Double,,,,,
,Jump Jets,No,No,No,,,,,
,ECM Capable,Yes,Yes,Yes,,,,,
,MASC Capable,Yes,Yes,TSM,,,,,
,Weapons and Equipment,,,,,,,,
,Head,Flamer,Flamer,Flamer,,,,,
,Left Arm,ER PPC,"ER PPC, LRM Ammo x4",ER PPC,,,,,
,Left Torso,"Large Pulse Laser, MASC","LRM-10, MASC","ER Medium Laser x3, C3 Computer Slave",,,,,
,Center Torso,"Engine, AMS, AMS Ammo","Engine, AMS, AMS Ammo","Engine, AMS, AMS Ammo",,,,,
,Right Torso,"Large Pulse Laser, ECM","LRM-10, ECM","ER Medium Laser x3, ECM",,,,,
,Right Arm,Hatchet,Hatchet,Hatchet,,,,,
,Left Leg,,,,,,,,
,Right Leg,,,,,,,,
,Hardpoints,,,,,,,,
,Head,1 Energy,1 Energy,1 Energy,,,,,
,Left Arm,"2(1) Energy (Available Actuators: Upper, Lower)","2(1) Energy (Available Actuators: Upper, Lower)","1 Energy (Available Actuators: Upper, Lower)",,,,,
,Left Torso,2(1) Energy,2(1) Missile,3 Energy,,,,,
,Center Torso,1 AMS,1 AMS,1 AMS,,,,,
,Right Torso,"2(1) Energy, ECM","2(1) Missile, ECM","3 Energy, ECM",,,,,
,Right Arm,"1 Melee (Available Actuators: Upper, Lower, Hand)","1 Melee (Available Actuators: Upper, Lower, Hand)","1 Melee (Available Actuators: Upper, Lower, Hand)",,,,,
,,,,,,,,,
,,,,,,,,,
,Devastator,DVS-1D (AC Quirks),DVS-S (Gauss Quirks),DVS-3,,,,,
,Overview,http://cfw.sarna.net/wiki/images/5/51/Devastator.jpg,,,,,,,
,Type,Battlemech,Battlemech,Battlemech,,,,,
,Tonnage,100,100,100,,,,,
,Engine,300 Standard,300 XL,300 XL,,,,,
,Top Speed,48.6 kph,48.6 kph,48.6 kph,,,,,
,Max. Engine,360,360,360,,,,,
,Armor,Standard,Standard,Standard,,,,,
,Internal Structure,Standard,Standard,Standard,,,,,
,Heat Sinks,15 Single,14 Double,14 Double,,,,,
,Jump Jets,No,No,No,,,,,
,ECM Capable,No,No,No,,,,,
,MASC Capable,No,No,No,,,,,
,Weapons and Equipment,,,,,,,,
,Head,Medium Laser,Medium Laser,,,,,,
,Left Arm,"AC/10, AC Ammo x2","Gauss Rifle, Gauss Ammo","Gauss Rifle, Gauss Ammo",,,,,
,Left Torso,"Large Laser, Medium Laser","PPC, Medium Laser, Double Heat Sink, Gauss Ammo","PPC, Double Heat Sink, Gauss Ammo x2",,,,,
,Center Torso,"Engine, Medium Laser","Engine, Medium Laser","Engine, Medium Laser, Small Laser",,,,,
,Right Torso,"Large Laser, Medium Laser","PPC, Medium Laser, Double Heat Sink, Gauss Ammo","PPC, Double Heat Sink, Gauss Ammo x2",,,,,
,Right Arm,"AC/10, AC Ammo x2","Gauss Rifle, Gauss Ammo","Gauss Rifle, Gauss Ammo",,,,,
,Left Leg,Single Heat Sink,,,,,,,
,Right Leg,Single Heat Sink x2,,,,,,,
,Hardpoints,,,,,,,,
,Head,1 Energy,1 Energy,,,,,,
,Left Arm,"2(1) Ballistic (Available Actuators: Upper, Lower)","1 Energy (Available Actuators: Upper, Lower)","3(1) Ballistic (Available Actuators: Upper, Lower)",,,,,
,Left Torso,2 Energy,2 Energy,1 Energy,,,,,
,Center Torso,1 Energy,1 Energy,2 Energy,,,,,
,Right Torso,2 Energy,2 Energy,1 Energy,,,,,
,Right Arm,"2(1) Energy (Available Actuators: Upper, Lower)","1 Energy (Available Actuators: Upper, Lower)","3(1) Ballistic (Available Actuators: Upper, Lower)",,,,,
,,,,,,,,,
,,,,,,,,,
,Imp,IMP-1A,IMP-1B,IMP-1C,IMP-2E,IMP-3E,IMP-4E,,
,Overview,http://cfw.sarna.net/wiki/images/5/55/3050U_Imp.jpg,,,,,,,
,Type,Battlemech,Battlemech,Battlemech,Battlemech,Battlemech,Battlemech,,
,Tonnage,100,100,100,100,100,100,,
,Engine,300 Standard,300 Standard,300 Standard,300 Standard,300 XL,300 Standard,,
,Top Speed,48.6 kph,48.6 kph,48.6 kph,48.6 kph,48.6 kph,48.6 kph,,
,Max. Engine,360,360,360,360,360,360,,
,Armor,Standard,Standard,Standard,Standard,Standard,Standard,,
,Internal Structure,Standard,Standard,Standard,Standard,Standard,Standard,,
,Heat Sinks,18 Double,19 Double,17 Double,30 Single,30 Single,21 Double,,
,Jump Jets,No,No,No,No,No,No,,
,ECM Capable,No,Yes,Yes,No,No,No,,
,MASC Capable,No,No,No,No,No,No,,
,Weapons and Equipment,,,,,,,,
,Head,Small Laser,Medium Pulse Laser,Small Laser,Single Heat Sink ,Single Heat Sink ,ER Medium Laser,,
,Left Arm,"Medium Pulse Laser, Double Heat Sink x2","Medium Laser, Double Heat Sink x3","Medium Laser x2, Double Heat Sink x2",Medium Laser,"Large Pulse Laser, Single Heat Sink x3","ER Medium Laser, Double Heat Sink x3",,
,Left Torso,"ER PPC, Medium Laser, LRM Ammo x2, CASE, Double Heat Sink","ER PPC, Medium Laser, LRM Ammo x3, CASE, Double Heat Sink","ER PPC, Medium Laser, Double Heat Sink","PPC, Medium Laser, LRM Ammo, Single Heat Sink x6","ER PPC, LRM Ammo x2, CASE, Single Heat Sink x3","ER PPC, ER Small Laser, LRM Ammo x2, Double Heat Sink x2",,
,Center Torso,"Engine, Medium Pulse Laser x2","Engine, Medium Laser x2","Engine, Medium Laser x2","Engine, Medium Laser x2","Engine, Medium Pulse Laser x2","Engine, Medium Pulse Laser x2",,
,Right Torso,"ER PPC, Medium Pulse Laser, Double Heat Sink x2","ER PPC, Medium Laser ECM, Double Heat Sink x2","ER PPC, Medium Laser ECM, Double Heat Sink x2","PPC, Medium Laser, Single Heat Sink x7","ER PPC, Medium Laser x2, Single Heat Sink x4","ER PPC, ER Small Laser, Double Heat Sink x3",,
,Right Arm,"LRM-20 Artemis, Double Heat Sink","LRM-20 Artemis, Double Heat Sink","Gauss Rifle, Gauss Ammo x2",LRM-15,"LRM-15, Single Heat Sink x3","LRM-20 Artemis, ER Medium Laser, Double Heat Sink",,
,Left Leg,,,,Single Heat Sink x2,Single Heat Sink x2,,,
,Right Leg,,,,Single Heat Sink x2,Single Heat Sink x2,,,
,Hardpoints,,,,,,,,
,Head,1 Energy,1 Energy,1 Energy,,,1 Energy,,
,Left Arm,1 Energy (Available Actuators: Upper),1 Energy(Available Actuators: Upper),2 Energy (Available Actuators: Upper),1 Energy (Available Actuators: Upper),2(1) Energy (Available Actuators: Upper),2(1) Energy (Available Actuators: Upper),,
,Left Torso,2 Energy,2 Energy,2 Energy,3(2) Energy,1 Energy,2 Energy,,
,Center Torso,2 Energy,2 Energy,2 Energy,2 Energy,2 Energy,2 Energy,,
,Right Torso,2 Energy,"2 Energy, ECM","2 Energy, ECM",3(2) Energy,3 Energy,2 Energy,,
,Right Arm,"2(1) Missile (Available Actuators: Upper, Lower)","1 Missile (Available Actuators: Upper, Lower)","1 Ballistic (Available Actuators: Upper, Lower)","1 Missile (Available Actuators: Upper, Lower)","2(1) Missile (Available Actuators: Upper, Lower)","1 Energy, 1 Missile (Available Actuators: Upper)",,
,,,,,,,,,
,,,,,,,,,
,Mackie,MSK-7A,MSK-8B,MSK-9H,,,,,
,Overview,http://cfw.sarna.net/wiki/images/a/a9/Mackie.jpg,,,,,,,
,Type,Battlemech,Battlemech,Battlemech,,,,,
,Tonnage,100,100,100,,,,,
,Engine,300 Standard,300 Standard,300 Standard,,,,,
,Top Speed,48.6 kph,48.6 kph,48.6 kph,,,,,
,Max. Engine,360,360,360,,,,,
,Armor,Standard,Standard,Standard,,,,,
,Internal Structure,Standard,Standard,Standard,,,,,
,Heat Sinks,21 Single,21 Single,20 Single,,,,,
,Jump Jets,No,No,No,,,,,
,ECM Capable,No,No,Yes,,,,,
,MASC Capable,No,No,No,,,,,
,Weapons and Equipment,,,,,,,,
,Head,Single Heat Sink,,,,,,,
,Left Arm,PPC,PPC x2,"PPC x2, Single Heat Sink x3",,,,,
,Left Torso,"Large Laser, Single Heat Sink",Single Heat Sink x3,"BAP, Single Heat Sink",,,,,
,Center Torso,"Engine, Single Heat Sink x2","Engine, Medium Laser x2","Engine, Medium Laser x2",,,,,
,Right Torso,"Large Laser, AC Ammo x4, Single Heat Sink","AC Ammo x4, CASE, Single Heat Sink x2","AC Ammo x4, CASE",,,,,
,Right Arm,AC/20,AC/20,AC/20,,,,,
,Left Leg,Single Heat Sink x2,Single Heat Sink x2,Single Heat Sink x2,,,,,
,Right Leg,Single Heat Sink x2,Single Heat Sink x2,Single Heat Sink x2,,,,,
,Hardpoints,,,,,,,,
,Head,,,,,,,,
,Left Arm,2(1) Energy (Available Actuators: Upper),"3(2) Energy (Available Actuators: Upper, Lower)","2 Energy (Available Actuators: Upper, Lower)",,,,,
,Left Torso,2(1) Energy,,1(0) ECM,,,,,
,Center Torso,,2 Energy,2 Energy ,,,,,
,Right Torso,2(1) Energy,,,,,,,
,Right Arm,2(1) Ballistic (Available Actuators: Upper),3(1) Ballistic (Available Actuators: Upper),2(1) Ballistic (Available Actuators: Upper),,,,,
,,,,,,,,,
,,,,,,,,,
,Marauder II,MAD-4A,MAD-5A,MAD-5B,MAD-5C,MAD-4S,MAD-4H,,
,Overview,http://cfw.sarna.net/wiki/images/7/76/MAD-MarauderII.png,http://www.sarna.net/wiki/Marauder_II,,,,,,
,Type,Battlemech,Battlemech,Battlemech,Battlemech,Battlemech,Battlemech,,
,Tonnage,100,100,100,100,100,100,,
,Engine,300 Standard,300 XL,300 Standard,300 XL,300 Light Fusion,300 Standard,,
,Top Speed,48.6 kph,48.6 kph,48.6 kph,48.6 kph,48.6 kph,48.6 kph,,
,Max. Engine,360,360,360,360,360,360,,
,Armor,Standard,Standard,Standard,Standard,Standard,Standard,,
,Internal Structure,Standard,Standard,Standard,Standard,Standard,Standard,,
,Heat Sinks,29 Single,29 Single,16 Double,32 Single,16 Double,21 Single,,
,Jump Jets,3,3,3,3,3,3,,
,ECM Capable,No,No,No,No,No,No,,
,MASC Capable,No,No,No,No,No,No,,
,Weapons and Equipment,,,,,,,,
,Head,,Single Heat Sink,,Single Heat Sink,,Rocket Launcher 10,,
,Left Arm,"PPC, Medium Laser","ER PPC, Medium Laser, Single Heat Sink x3","ER PPC, Medium Laser, Double Heat Sink","ER PPC, Medium Laser, Single Heat Sink x3","ER PPC, ER Medium Laser, Double Heat Sink ","ER PPC, ER Medium Laser, Single Heat Sink x4",,
,Left Torso,Single Heat Sink x9,"LBX Ammo 3x, Single Heat Sink x6",Double Heat Sink,Single Heat Sink x9,"Gauss Ammo x4, Double Heat Sink x2","Rocket Launcher 20 x2, Rocket Launcher 15 x3",,
,Center Torso,"Engine, Jump Jet","Engine, Jump Jet","Engine, Jump Jet, Gauss Ammo","Engine, Jump Jet, Single Heat Sink","Engine, Jump Jet, Heavy Gauss Rifle (1 Slot)","Engine, Jump Jet, Single Heat Sink",,
,Right Torso,"Large Laser, Single Heat Sink x6","LB 10-X AC, CASE, Single Heat Sink x2","Gauss Rifle, Gauss Ammo x2, Double Heat Sink","Ultra AC/5, UAC Ammo x2, CASE, Single Heat Sink",Heavy Gauss Rifle (10 Slots),"Rocket Launcher 20 x2, Rocket Launcher 15 x3",,
,Right Arm,"PPC, Medium Laser","ER PPC, Medium Laser, Single Heat Sink x3","ER PPC, Medium Laser, Double Heat Sink","ER PPC, Medium Laser, Single Heat Sink x3","ER PPC, ER Medium Laser, Double Heat Sink ","ER PPC, ER Medium Laser, Single Heat Sink x4",,
,Left Leg,"Jump Jet, Single Heat Sink","Jump Jet, Single Heat Sink",Jump Jet,"Jump Jet, Single Heat Sink",Jump Jet,Jump Jet,,
,Right Leg,"Jump Jet, Single Heat Sink","Jump Jet, Single Heat Sink",Jump Jet,"Jump Jet, Single Heat Sink",Jump Jet,Jump Jet,,
,Hardpoints,,,,,,,,
,Head,,,,,,1 Missile,,
,Left Arm,"3(2) Energy (Available Actuators: Upper, Lower)","2 Energy (Available Actuators: Upper, Lower)","3(2) Energy (Available Actuators: Upper, Lower)","2 Energy (Available Actuators: Upper, Lower)","2 Energy (Available Actuators: Upper, Lower)","2 Energy (Available Actuators: Upper, Lower)",,
,Left Torso,,,,,,5 Missile,,
,Center Torso,,,,,1(0) Ballistic,,,
,Right Torso,2(1) Energy,4(1) Ballistic ,3(1) Ballistic,3(1) Ballistic,3(1) Ballistic ,5 Missile,,
,Right Arm,"3(2) Energy (Available Actuators: Upper, Lower)","2 Energy (Available Actuators: Upper, Lower)","3(2) Energy (Available Actuators: Upper, Lower)","3(2) Energy (Available Actuators: Upper, Lower)","2 Energy (Available Actuators: Upper, Lower)","2 Energy (Available Actuators: Upper, Lower)",,
,,,,,,,,,
,,,,,,,,,
,Pillager,PLG-1N,PLG-3Z,PLG-4Z,,,,,
,Overview,http://cfw.sarna.net/wiki/images/4/4c/Pillager.jpg,,,,,,,
,Type,Battlemech,Battlemech,Battlemech,,,,,
,Tonnage,100,100,100,,,,,
,Engine,300 Standard,300 XL,300 Standard,,,,,
,Top Speed,48.6 kph,48.6 kph,48.6 kph,,,,,
,Max. Engine,360,360,360,,,,,
,Armor,Standard,Standard,Standard,,,,,
,Internal Structure,Standard,Standard,Standard,,,,,
,Heat Sinks,16 Single,14 Double,10 Double,,,,,
,Jump Jets,2,3,3,,,,,
,ECM Capable,No,No,Yes,,,,,
,MASC Capable,No,No,No,,,,,
,Weapons and Equipment,,,,,,,,
,Head,Medium Laser,Medium Laser,ER Medium Laser,,,,,
,Left Arm,"Medium Laser, Single Heat Sink","Medium Laser x2, Double Heat Sink",ECM,,,,,
,Left Torso,"AC/20, AC Ammo x2","Gauss Rifle, Gauss Ammo x2","Gauss Rifle, Gauss Ammo, CASE, Jump Jet",,,,,
,Center Torso,"Engine, SRM-4, SRM Ammo","Engine, Jump Jet, Medium Laser","Engine, Jump Jet, ER Medium Laser",,,,,
,Right Torso,"AC/20, AC Ammo x2","Gauss Rifle, Gauss Ammo x2","Gauss Rifle, Gauss Ammo, CASE, Jump Jet",,,,,
,Right Arm,"Medium Laser, Single Heat Sink","Large Laser, Double Heat Sink",Gauss Ammo x3,,,,,
,Left Leg,"Jump Jet, Single Heat Sink","Jump Jet, Gauss Ammo",,,,,,
,Right Leg,"Jump Jet, Single Heat Sink","Jump Jet, Gauss Ammo",,,,,,
,Hardpoints,,,,,,,,
,Head,1 Energy,1 Energy,1 Energy,,,,,
,Left Arm,"1 Energy (Available Actuators: Upper, Lower, Hand)","2 Energy (Available Actuators: Upper, Lower, Hand)","ECM (Available Actuators: Upper, Lower, Hand)",,,,,
,Left Torso,2(1) Ballistic,1 Ballistic,3(1) Ballistic,,,,,
,Center Torso,1 Missile,1 Energy,1 Energy,,,,,
,Right Torso,2(1) Ballistic,1 Ballistic,3(1) Ballistic,,,,,
,Right Arm,"1 Energy (Available Actuators: Upper, Lower, Hand)","2(1) Energy (Available Actuators: Upper, Lower, Hand)","(Available Actuators: Upper, Lower, Hand)",,,,,
,,,,,,,,,
,,,,,,,,,
,Thunder Hawk,TDK-7X,TDK-7Y,TDK-7KMA,TDK-7S,,,,
,Overview,http://cfw.sarna.net/wiki/images/8/80/ThunderHawk.jpg,http://www.sarna.net/wiki/Thunder_Hawk,,,,,,
,Type,Battlemech,Battlemech,Battlemech,Battlemech,,,,
,Tonnage,100,100,100,100,,,,
,Engine,300 XL,300 XL,300 XL,300 Light Fusion,,,,
,Top Speed,48.6 kph,48.6 kph,48.6 kph,48.6 kph,,,,
,Max. Engine,360,360,360,360,,,,
,Armor,Standard,Standard,Standard,Standard,,,,
,Internal Structure,Standard,Standard,Standard,Standard,,,,
,Heat Sinks,10 Single,10 Single,10 Double,10 Single,,,,
,Jump Jets,No,No,No,No,,,,
,ECM Capable,No,No,No,No,,,,
,MASC Capable,No,No,No,No,,,,
,Weapons and Equipment,,,,,,,,
,Head,Medium Laser,,Medium Laser,Medium Laser,,,,
,Left Arm,Medium Laser x2,Medium Pulse Laser,"Arrow IV Missile (6 Slots), Medium Laser x2",,,,,
,Left Torso,"Gauss Rifle, Gauss Ammo x2","Gauss Rifle, Gauss Ammo x2",Arrow IV Missile (9 Slots),"Gauss Rifle, Gauss Ammo",,,,
,Center Torso,"Engine, Gauss Ammo x2","Engine, Gauss Ammo x2","Engine, Gauss Ammo x2",Engine,,,,
,Right Torso,"Gauss Rifle, Gauss Ammo x2","Gauss Rifle, Gauss Ammo x2","Gauss Rifle, Gauss Ammo x2","Gauss Rifle, Gauss Ammo",,,,
,Right Arm,"Gauss Rifle, Medium Laser","Gauss Rifle, Medium Pulse Laser","Gauss Rifle, Medium Laser","Gauss Rifle, Medium Laser",,,,
,Left Leg,,,Arrow Ammo x2,,,,,
,Right Leg,,,,,,,,
,Hardpoints,,,,,,,,
,Head,1 Energy,,1 Energy,1 Energy,,,,
,Left Arm,"2 Energy (Available Actuators: Upper, Lower, Hand)","2(1) Energy (Available Actuators: Upper, Lower, Hand)","2 Energy (Available Actuators: Upper, Lower, Hand)","(Available Actuators: Upper, Lower, Hand)",,,,
,Left Torso,1 Ballistic,2(1) Ballistic,"1 Artillery, 2(0) Missile",2(1) Ballistic,,,,
,Center Torso,,,,,,,,
,Right Torso,1 Ballistic,2(1) Ballistic,1 Ballistic,2(1) Ballistic,,,,
,Right Arm,"1 Ballistic, 2(1) Energy (Available Actuators: Upper, Lower, Hand)","1 Ballistic, 1 Energy (Available Actuators: Upper, Lower, Hand)","1 Ballistic, 1 Energy (Available Actuators: Upper, Lower, Hand)","2(1) Ballistic, 1 Energy (Available Actuators: Upper, Lower, Hand)",,,,
,,,,,,,,,
,,,,,,,,,
,Cerberus,MR-V2,MR-5M,MR-V3,MR-6B,,,,
,Overview,http://cfw.sarna.net/wiki/images/1/1f/3055_Cerberus.jpg,http://www.sarna.net/wiki/Cerberus_(BattleMech),,,,,,
,Type,Battlemech,Battlemech,Battlemech,Battlemech,,,,
,Tonnage,95,95,95,95,,,,
,Engine,380 XL,380 XL,380 XL,380 XL,,,,
,Top Speed,64.8 kph,64.8 kph,64.8 kph,64.8 kph,,,,
,Max. Engine,400,400,400,400,,,,
,Armor,Ferro-Fibrous,Ferro-Fibrous,Ferro-Fibrous,Ferro-Fibrous,,,,
,Internal Structure,Standard,Standard,Standard,Standard,,,,
,Heat Sinks,12 Double,15 Double,12 Double,15 Double,,,,
,Jump Jets,No,No,No,No,,,,
,ECM Capable,No,No,No,No,,,,
,MASC Capable,No,No,No,No,,,,
,Weapons and Equipment,,,,,,,,
,Head,AMS,AMS,AMS,AMS,,,,
,Left Arm,"Gauss Rifle, Gauss Ammo x2","Gauss Rifle, Gauss Ammo x2","Gauss Rifle, Gauss Ammo x2","Gauss Rifle, Gauss Ammo x2",,,,
,Left Torso,"Medium Pulse Laser x2, Machine Gun","Medium Pulse Laser x2, Machine Gun",Medium Pulse Laser x2,"Medium Pulse Laser x2, AMS Ammo",,,,
,Center Torso,"Engine, MG Ammo x0.5, AMS Ammo","Engine, MG Ammo x0.5, AMS Ammo","Engine, AMS Ammo","Engine, Improved C3 Computer",,,,
,Right Torso,"Medium Pulse Laser x2, Machine Gun","Medium Pulse Laser x2, Machine Gun",Medium Pulse Laser x2,ER Medium Laser x2,,,,
,Right Arm,"Gauss Rifle, Gauss Ammo x2","ER PPC, Medium Pulse Laser x2","Gauss Rifle, Gauss Ammo x2","ER PPC, Medium Pulse Laser x2",,,,
,Left Leg,,,,,,,,
,Right Leg,,,,,,,,
,Hardpoints,,,,,,,,
,Head,1 AMS,1 AMS,1 AMS,1 AMS,,,,
,Left Arm,"2(1) Ballistic (Available Actuators: Upper, Lower)","1 Ballistic (Available Actuators: Upper, Lower)","2(1) Ballistic (Available Actuators: Upper, Lower)","2(1) Ballistic (Available Actuators: Upper, Lower)",,,,
,Left Torso,"1 Ballistic, 2 Energy","1 Ballistic, 2 Energy",3(2) Energy,2 Energy,,,,
,Center Torso,,,,,,,,
,Right Torso,"1 Ballistic, 2 Energy","1 Ballistic, 2 Energy",3(2) Energy,2 Energy,,,,
,Right Arm,"2(1) Ballistic (Available Actuators: Upper, Lower)","3 Energy (Available Actuators: Upper, Lower)","2(1) Ballistic (Available Actuators: Upper, Lower)","3 Energy (Available Actuators: Upper, Lower)",,,,
,,,,,,,,,
,,,,,,,,,
,Hauptmann,HA1-O,HA1-OA,HA1-OB,HA1-OC,,,,
,Overview,http://cfw.sarna.net/wiki/images/4/4a/Hauptmann.jpg,,,,,,,
,Type,Omnimech,Omnimech,Omnimech,Omnimech,,,,
,Tonnage,95,95,95,95,,,,
,Engine,285 Standard,285 Standard,285 Standard,285 Standard,,,,
,Top Speed,48.6 kph,48.6 kph,48.6 kph,48.6 kph,,,,
,Armor,Standard,Standard,Standard,Standard,,,,
,Internal Structure,Standard,Standard,Standard,Standard,,,,
,Heat Sinks,17 Double,17 Double,16 Double,13 Double,,,,
,Jump Jets,No,3,No,No,,,,
,ECM Capable,Yes,No,No,Yes,,,,
,MASC Capable,No,No,No,No,,,,
,Weapons and Equipment,,,,,,,,
,Head,ER Small Laser,,Medium Pulse Laser,ER Small Laser,,,,
,Left Arm,"ER Large Laser, Medium Pulse Laser, Double Heat Sink x2","ER Medium Laser x2, SRM-6 Artemis, Double Heat Sink","ER PPC, Medium Pulse Laser, Double Heat Sink","Medium Pulse Laser, Double Heat Sink",,,,
,Left Torso,"LB 20-X AC, Streak SRM-2",Double Heat Sink x4,Double Heat Sink x4,"LRM-20 Artemis, Gauss Ammo x4, ECM",,,,
,Center Torso,"Engine, ECM","Engine, Jump Jet","Engine, Ultra AC/20 (2 slots)","Engine, Heavy Gauss Rifle (2 slots)",,,,
,Right Torso,"Streak SRM-2, LBX Ammo x3, Stream Ammo, CASE, Double Heat Sink x2","Gauss Rifle, Gauss Ammo x2, SRM Ammo x2, CASE","Ultra AC/20 (8 slots), UAC Ammo x3, CASE","Heavy Gauss Rifle (9 slots), LRM Ammo x2, CASE",,,,
,Right Arm,"ER Large Laser, Medium Pulse Laser, Double Heat Sink x2","ER Medium Laser x2, SRM-6 Artemis, Double Heat Sink","ER PPC, Medium Pulse Laser, Double Heat Sink","ER Medium Laser x2, Double Heat Sink",,,,
,Left Leg,,Jump Jet,,,,,,
,Right Leg,,Jump Jet,,,,,,
,Omnipods,,,,,,,,
,Head,1 Energy,,1 Energy,1 Energy,,,,
,Left Arm,"2 Energy (Available Actuators: Upper, Lower)","2 Energy, 1 Missile (Available Actuators: Upper, Lower, Hand)",2 Energy (Available Actuators: Upper),"1 Energy (Available Actuators: Upper, Lower, Hand)",,,,
,Left Torso,"1 Ballistic, 1 Missile",,,"1 Missile, ECM",,,,
,Center Torso,ECM,1 Jump Jet,1 Ballistic (linked),1 Ballistic (linked),,,,
,Right Torso,1 Missile,1 Ballistic,1 Ballistic (linked),1 Ballistic (linked),,,,
,Right Arm,"2 Energy (Available Actuators: Upper, Lower)","2 Energy, 1 Missile (Available Actuators: Upper, Lower, Hand)",2 Energy (Available Actuators: Upper),"2 Energy (Available Actuators: Upper, Lower, Hand)",,,,
,Left Leg,,1 Jump Jet,,,,,,
,Right Leg,,1 Jump Jet,,,,,,
,,,,,,,,,
,,,,,,,,,
,Naginata,NG-C3A,NG-C3B,NG-C3C,,,,,
,Overview,http://cfw.sarna.net/wiki/images/c/c6/3055u_Naginata.jpg,,,,,,,
,Type,Battlemech,Battlemech,Battlemech,,,,,
,Tonnage,95,95,95,,,,,
,Engine,285 Standard,285 Standard,285 Standard,,,,,
,Top Speed,48.6 kph,48.6 kph,48.6 kph,,,,,
,Max. Engine,345,345,345,,,,,
,Armor,Standard,Standard,Standard,,,,,
,Internal Structure,Standard,Standard,Standard,,,,,
,Heat Sinks,15 Double,15 Double,15 Double,,,,,
,Jump Jets,No,No,Yes,,,,,
,ECM Capable,No,Yes,No,,,,,
,MASC Capable,No,No,No,,,,,
,Weapons and Equipment,,,,,,,,
,Head,,,,,,,,
,Left Arm,"ER PPC, Double Heat Sink x2","ER PPC, Double Heat Sink x2","ER PPC, Double Heat Sink x2",,,,,
,Left Torso,"LRM-15 Artemis, C3 Computer, LRM Ammo x2, CASE","LRM-15 Artemis, C3 Computer, LRM Ammo x2, CASE","LRM-15 Artemis, LRM Ammo x2, CASE, Jump Jet",,,,,
,Center Torso,Engine,"Engine, ER Medium Laser, ER Small Laser","Engine, Jump Jet, C3 Computer Slave",,,,,
,Right Torso,"LRM-15 Artemis, LRM Ammo x4, CASE, Double Heat Sink","LRM-15 Artemis, LRM Ammo x4, CASE, Double Heat Sink","LRM-15 Artemis, LRM Ammo x2, CASE, Jump Jet, Double Heat Sink",,,,,
,Right Arm,"LRM-15 Artemis, Double Heat Sink","C3 Computer, Double Heat Sink","LRM-15 Artemis, Double Heat Sink",,,,,
,Left Leg,,,,,,,,
,Right Leg,,ECM,,,,,,
,Hardpoints,,,,,,,,
,Head,,,,,,,,
,Left Arm,"2(1) Energy (Available Actuators: Upper, Lower)","2(1) Energy (Available Actuators: Upper, Lower)","2(1) Energy (Available Actuators: Upper, Lower)",,,,,
,Left Torso,2(1) Missile,2(1) Missile,2(1) Missile,,,,,
,Center Torso,,2 Energy,,,,,,
,Right Torso,2(1) Missile,2(1) Missile,2(1) Missile,,,,,
,Right Arm,"2(1) Missile (Available Actuators: Upper, Lower, Hand)","(Available Actuators: Upper, Lower)","1 Missile (Available Actuators: Upper, Lower, Hand)",,,,,
,Left Leg,,,,,,,,
,Right Leg,,1 ECM,,,,,,
,,,,,,,,,
,,,,,,,,,
,Emperor,EMP-5A,EMP-6A,EMP-6A 'Nerran',,,,,
,Overview,http://cfw.sarna.net/wiki/images/7/78/Emperor.jpg,,,,,,,
,Type,Battlemech,Battlemech,Battlemech 'Mixtech',,,,,
,Tonnage,90,90,90,,,,,
,Engine,270 Standard,270 XL,270 XL,,,,,
,Top Speed,48.6 kph,48.6 kph,48.6 kph,,,,,
,Max. Engine,340,340,340,,,,,
,Armor,Standard,Standard,Standard,,,,,
,Internal Structure,Standard,Standard,Standard,,,,,
,Heat Sinks,16 Single,12 Double,14 Double,,,,,
,Jump Jets,3,3,3,,,,,
,ECM Capable,No,No,No,,,,,
,MASC Capable,No,No,No,,,,,
,Weapons and Equipment,,,,,,,,
,Head,Medium Laser,Medium Laser,,,,,,
,Left Arm,"AC/5, Large Laser","LB 10-X AC, Large Laser","LB 10-X AC, Large Laser",,,,,
,Left Torso,"Medium Laser, AC Ammo, Single Heat Sink x3","Medium Pulse Laser, LBX Ammo x2, CASE, Double Heat Sink","LBX Ammo x2, CASE",,,,,
,Center Torso,"Engine, Jump Jet","Engine, Jump Jet","Engine, Jump Jet",,,,,
,Right Torso,"Medium Laser, AC Ammo, Single Heat Sink x3","Medium Pulse Laser, LBX Ammo x2, CASE, Double Heat Sink","ER PPC, Gauss Ammo x2, CASE",,,,,
,Right Arm,"AC/5, Large Laser","LB 10-X AC, Large Laser",Gauss Rifle (CL),,,,,
,Left Leg,Jump Jet,Jump Jet,Jump Jet,,,,,
,Right Leg,Jump Jet,Jump Jet,Jump Jet,,,,,
,Hardpoints,,,,,,,,
,Head,1 Energy,1 Energy,,,,,,
,Left Arm,"1 Ballistic, 2(1) Energy (Available Actuators: Upper, Lower)","2(1) Ballistic, 1 Energy (Available Actuators: Upper, Lower)","1 Ballistic, 1 Energy (Available Actuators: Upper, Lower)",,,,,
,Left Torso,1 Energy,1 Energy,,,,,,
,Center Torso,,,,,,,,
,Right Torso,1 Energy,1 Energy,2(1) Energy,,,,,
,Right Arm,"1 Ballistic, 2(1) Energy (Available Actuators: Upper, Lower)","2(1) Ballistic, 1 Energy (Available Actuators: Upper, Lower)","3(1) Ballistic (Available Actuators: Upper, Lower)",,,,,
,,,,,,,,,
,,,,,,,,,
,Sunder,SD1-O,SD1-OA,SD1-OB,SD1-OC,SD1-OD,SD1-OR,SD1-O 'Samual',
,Overview,http://cfw.sarna.net/wiki/images/7/70/Sunder.jpg,,,,,,,
,Type,Omnimech,Omnimech,Omnimech,Omnimech,Omnimech,Omnimech,Omnimech,
,Tonnage,90,90,90,90,90,90,90,
,Engine,360 XL,360 XL,360 XL,360 XL,360 XL,360 XL,360 XL,
,Top Speed,64.8 kph,64.8 kph,64.8 kph,64.8 kph,64.8 kph,64.8 kph,64.8 kph,
,Armor,Standard,Standard,Standard,Standard,Standard,Standard,Standard,
,Internal Structure,Standard,Standard,Standard,Standard,Standard,Standard,Standard,
,Heat Sinks,15 Double,15 Double,15 Double,15 Double,15 Double,15 Double,15 Double,
,Jump Jets,No,No,No,No,3,No,No,
,ECM Capable,No,No,No,No,No,No,No,
,MASC Capable,No,No,No,No,No,No,No,
,Weapons and Equipment,,,,,,,,
,Head,SRM-4,LRM-5,,Streak SRM-4,,ER Medium Laser,SRM-4,
,Left Arm,AC/20,Gauss Rifle,"LRM-20, LRM Ammo x3","MRM-40, MRM Ammo x3",LB 20-X AC (10 slots),"LB 10-X AC, ER Medium Laser x2","SRM-4 x3, Machine Gun x4, MG Ammo x2",
,Left Torso,"Medium Laser, AC Ammo, SRM Ammo","Medium Pulse Laser, Gauss Ammo x2","Medium Laser, C3 Computer Master, LRM Ammo","Medium Laser, C3 Computer Slave","LB 20-X AC (1 slot), LBX Ammo x2, *Jump Jet*","Streak SRM-6, SSRM Ammo, LBX Ammo x2","Flamer, Machine Gun x4, SRM Ammo x2",
,Center Torso,"*Engine*, SRM-4 x2","*Engine*, LRM-5 x2","*Engine*, LRM-10","*Engine*, Streak SRM-4, SSRM Ammo","*Engine, Jump Jet*","*Engine*, ER Medium Laser","*Engine*, SRM-4 x2",
,Right Torso,"Medium Laser, AC Ammo, SRM Ammo","Medium Pulse Laser, LRM Ammo x2","Medium Laser, C3 Computer Master, LRM Ammo",MRM Ammo x2,*Jump Jet*,"Streak SRM-6, SSRM Ammo","Flamer, Machine Gun x4, SRM Ammo x2",
,Right Arm,"Large Laser x2, *Double Heat Sink*","ER PPC, *Double Heat Sink*","Medium Pulse Laser x2, *Double Heat Sink*","MRM-30, *Double Heat Sink*","PPC x2, *Double Heat Sink*","Large Pulse Laser x2, *Double Heat Sink*","ER PPC, Flamer x2, *Double Heat Sink*",
,Left Leg,,,,,,,MG Ammo,
,Right Leg,,,,,,,MG Ammo,
,Omnipods,,,,,,,,
,Head,1 Missile,1 Missile,,1 Missile,,1 Energy,1 Missile,
,Left Arm,1 Ballistic (Available Actuators: Upper),1 Ballistic (Available Actuators: Upper),"1 Missile (Available Actuators: Upper, Lower)",1 Missile (Available Actuators: Upper),1 Ballistic (Available Actuators: Upper),"1 Ballistic, 2 Energy (Available Actuators: Upper)","4 Ballistic, 3 Missile(Available Actuators: Upper, Lower)",
,Left Torso,1 Energy,1 Energy,1 Energy,1 Energy,"1(0) Ballistic, 1 Jump Jet",1 Missile,"4 Ballistic, 1 Energy",
,Center Torso,2 Missile,2 Missile,1 Missile,1 Missile,1 Jump Jet,1 Energy,2 Missile,
,Right Torso,1 Energy,1 Energy,1 Energy,,1 Jump Jet,1 Missile,"4 Ballistic, 1 Energy",
,Right Arm,"2 Energy (Available Actuators: Upper, Lower)",1 Energy (Available Actuators: Upper),"2 Energy (Available Actuators: Upper, Lower)","1 Missile (Available Actuators: Upper, Lower)",2 Energy (Available Actuators: Upper),"2 Energy (Available Actuators: Upper, Lower)",3 Energy (Available Actuators: Upper),
,,,,,,,,,
,,,,,,,,,
,Ymir,BWP-2B,BWP-2B,BWP-2B,,,,,
,Overview,http://cfw.sarna.net/wiki/images/a/ad/Ymir.jpg,,,,,,,
,Type,Battlemech,Battlemech,Battlemech 'Mixtech',,,,,
,Tonnage,90,90,90,,,,,
,Engine,270 Standard,270 XL,270 XL,,,,,
,Top Speed,48.6 kph,48.6 kph,48.6 kph,,,,,
,Max. Engine,340,340,340,,,,,
,Armor,Standard,Standard,Standard,,,,,
,Internal Structure,Standard,Standard,Standard,,,,,
,Heat Sinks,16 Single,12 Double,14 Double,,,,,
,Jump Jets,3,3,3,,,,,
,ECM Capable,No,No,No,,,,,
,MASC Capable,No,No,No,,,,,
,Weapons and Equipment,,,,,,,,
,Head,Medium Laser,Medium Laser,,,,,,
,Left Arm,"AC/5, Large Laser","LB 10-X AC, Large Laser","LB 10-X AC, Large Laser",,,,,
,Left Torso,"Medium Laser, AC Ammo, Single Heat Sink x3","Medium Pulse Laser, LBX Ammo x2, CASE, Double Heat Sink","LBX Ammo x2, CASE",,,,,
,Center Torso,"Engine, Jump Jet","Engine, Jump Jet","Engine, Jump Jet",,,,,
,Right Torso,"Medium Laser, AC Ammo, Single Heat Sink x3","Medium Pulse Laser, LBX Ammo x2, CASE, Double Heat Sink","ER PPC, Gauss Ammo x2, CASE",,,,,
,Right Arm,"AC/5, Large Laser","LB 10-X AC, Large Laser",Gauss Rifle (CL),,,,,
,Left Leg,Jump Jet,Jump Jet,Jump Jet,,,,,
,Right Leg,Jump Jet,Jump Jet,Jump Jet,,,,,
,Hardpoints,,,,,,,,
,Head,1 Energy,1 Energy,,,,,,
,Left Arm,"1 Ballistic, 2(1) Energy (Available Actuators: Upper, Lower)","2(1) Ballistic, 1 Energy (Available Actuators: Upper, Lower)","1 Ballistic, 1 Energy (Available Actuators: Upper, Lower)",,,,,
,Left Torso,1 Energy,1 Energy,,,,,,
,Center Torso,,,,,,,,
,Right Torso,1 Energy,1 Energy,2(1) Energy,,,,,
,Right Arm,"1 Ballistic, 2(1) Energy (Available Actuators: Upper, Lower)","2(1) Ballistic, 1 Energy (Available Actuators: Upper, Lower)","3(1) Ballistic (Available Actuators: Upper, Lower)",,,,,
,,,,,,,,,
,,,,,,,,,
,Yu Huang,Y-H10G,Y-H9G,Y-H9GC,,,,,
,Overview,http://cfw.sarna.net/wiki/images/2/2b/YuHuang.jpg,http://www.sarna.net/wiki/Yu_Huang,,,,,,
,Type,Battlemech,Battlemech,Battlemech,,,,,
,Tonnage,90,90,90,,,,,
,Engine,360 XL,360 XL,360 XL,,,,,
,Top Speed,64.8 kph,64.8 kph,64.8 kph,,,,,
,Max. Engine,400,400,400,,,,,
,Armor,Standard,Standard,Standard,,,,,
,Internal Structure,Endo-Steel,Endo-Steel,Endo-Steel,,,,,
,Heat Sinks,13 Double,16 Double,14 Double,,,,,
,Jump Jets,4,4,4,,,,,
,ECM Capable,No,Yes,No,,,,,
,MASC Capable,No,No,No,,,,,
,Weapons and Equipment,,,,,,,,
,Head,,,,,,,,
,Left Arm,"ER PPC, Medium Pulse Laser, Medium Laser x2","ER Large Laser, BAP, Double Heat Sink","ER PPC, Medium Pulse Laser, Medium Laser x2",,,,,
,Left Torso,,ER Medium Laser x3,C3 Computer,,,,,
,Center Torso,"Engine, LRM-10","Engine, ECM",Engine,,,,,
,Right Torso,"LB 20-X AC (2 slots), LRM Ammo, LBX Ammo x3","ER Medium Laser x3, Gauss Ammo x2","LB 20-X AC (2 slots), LBX Ammo x3",,,,,
,Right Arm,LB 20-X AC (9 slots),"Gauss Rifle, Double Heat Sink",LB 20-X AC (9 slots),,,,,
,Left Leg,Jump Jet x2,Jump Jet x2,Jump Jet x2,,,,,
,Right Leg,Jump Jet x2,Jump Jet x2,Jump Jet x2,,,,,
,Hardpoints,,,,,,,,
,Head,,,,,,,,
,Left Arm,"4 Energy (Available Actuators: Upper, Lower)",1 Energy (Available Actuators: Upper),"4 Energy (Available Actuators: Upper, Lower)",,,,,
,Left Torso,,3 Energy,1(0) ECM,,,,,
,Center Torso,1 Missile,1 ECM,,,,,,
,Right Torso,1(0) Ballistic,3 Energy,,,,,,
,Right Arm,"2(1) Ballistic (Available Actuators: Upper, Lower)",1 Ballistic (Available Actuators: Upper),"3(1) Ballistic (Available Actuators: Upper, Lower)",,,,,
,,,,,,,,,
,,,,,,,,,
,Crockett (Katana),CRK-5003-1,CRK-5003-1b,CRK-5003-0,CRK-5003-2,CRK-5003-C,CRK-5003-CM,CRK-5003-3,CRK-5004-1
,Overview,http://cfw.sarna.net/wiki/images/5/5a/Crockett.jpg,http://www.sarna.net/wiki/Crockett,,,,,,
,Type,Battlemech,Battlemech,Battlemech,Battlemech,Battlemech,Battlemech,Battlemech,Battlemech
,Tonnage,85,85,85,85,85,85,85,85
,Engine,255 Standard,255 Standard,255 Standard,255 Standard,255 Standard,255 Standard,255 Standard,255 Standard
,Top Speed,48.6 kph,48.6 kph,48.6 kph,48.6 kph,48.6 kph,48.6 kph,48.6 kph,48.6 kph
,Max. Engine,310,310,310,310,310,310,310,310
,Armor,Standard,Standard,Standard,Standard,Standard,Standard,Standard,Standard
,Internal Structure,Standard,Endo-Steel,Standard,Standard,Standard,Standard,Standard,Standard
,Heat Sinks,15 Double,15 Double,15 Single,20 Single,20 Single,20 Single,15 Double,15 Double
,Jump Jets,3,3,3,3,3,3,3,3
,ECM Capable,No,No,No,No,No,No,No,No
,MASC Capable,No,No,No,No,No,No,No,No
,Weapons and Equipment,,,,,,,,
,Head,,Medium Pulse Laser,,,,,,
,Left Arm,"ER Large Laser, Small Laser, Double Heat Sink","ER Large Laser, Medium Laser, Medium Pulse Laser, Double Heat Sink","Large Laser, Small Laser","Large Laser, Small Laser",Large Laser,Large Laser,"ER Large Laser, Small Laser, Double Heat Sink","ER Large Laser, ER Small Laser, Double Heat Sink"
,Left Torso,"LB 10-X AC, SRM-6, LBX Ammo, Double Heat Sink","Gauss Rifle, Gauss Ammo x2, Double Heat Sink","SRM-6, AC/10, Single Heat Sink","LB 10-X AC, SRM-6, Single Heat Sink x4","LB 10-X AC, SRM-6, Single Heat Sink x4","LB 10-X AC, SRM-6, Single Heat Sink x4","LB 10-X AC, SRM-6, Double Heat Sink","LB 10-X AC, SRM-4, Improved C3 Computer, Double Heat Sink"
,Center Torso,"Engine, Jump Jet","Engine, Jump Jet, Medium Pulse Laser","Engine, Jump Jet","Engine, Jump Jet","Engine, Jump Jet, C3 Computer Slave","Engine, Jump Jet","Engine, Jump Jet","Engine, Jump Jet"
,Right Torso,"SRM-6, SRM Ammo, LBX Ammo x2, Double Heat Sink x2",Double Heat Sink x2,"SRM-6, SRM Ammo x2, AC Ammo x2, Single Heat Sink x2","SRM-6, SRM Ammo x2, LBX Ammo x2, Single Heat Sink x4","SRM-6, SRM Ammo x2, LBX Ammo x2, Single Heat Sink x4","C3 Computer Master, SRM Ammo, LBX Ammo x2, Single Heat Sink x4","SRM-6, SRM Ammo x2, LBX Ammo x3, CASE, Double Heat Sink","SRM-4, SRM Ammo x2, LBX Ammo x2, CASE, Double Heat Sink"
,Right Arm,"ER Large Laser, Small Laser, Double Heat Sink","ER Large Laser, Medium Laser, Medium Pulse Laser, Double Heat Sink","Large Laser, Small Laser","Large Laser, Small Laser",Large Laser,Large Laser,"ER Large Laser, Small Laser, Double Heat Sink x2","ER Large Laser, ER Small Laser, Double Heat Sink"
,Left Leg,Jump Jet,Jump Jet,"Single Heat Sink, Jump Jet","Single Heat Sink, Jump Jet","Single Heat Sink, Jump Jet","Single Heat Sink, Jump Jet",Jump Jet,Jump Jet
,Right Leg,Jump Jet,Jump Jet,"Single Heat Sink, Jump Jet","Single Heat Sink, Jump Jet","Single Heat Sink, Jump Jet","Single Heat Sink, Jump Jet",Jump Jet,Jump Jet
,Hardpoints,,,,,,,,
,Head,,1 Energy,,,,,,
,Left Arm,"3(2) Energy (Available Actuators: Upper, Lower)",3 Energy (Available Actuators: Upper),"2 Energy (Available Actuators: Upper, Lower)","2 Energy (Available Actuators: Upper, Lower)","2(1) Energy (Available Actuators: Upper, Lower)","2(1) Energy (Available Actuators: Upper, Lower)","2 Energy (Available Actuators: Upper, Lower)","2 Energy (Available Actuators: Upper, Lower)"
,Left Torso,"1 Ballistic, 1 Missile",1 Ballistic,"2(1) Ballistic, 1 Missile","1 Ballistic, 2(1) Missile","1 Ballistic, 1 Missile","2(1) Ballistic, 1 Missile","3(1) Ballistic, 1 Missile","1 Ballistic, 1 Missile, 1 ECM"
,Center Torso,,1 Energy,,,1(0) ECM,,,
,Right Torso,1 Missile,,1 Missile,2(1) Missile,1 Missile,1(0) ECM,,2(1) Missile
,Right Arm,"3(2) Energy (Available Actuators: Upper, Lower)",3 Energy (Available Actuators: Upper),"2 Energy (Available Actuators: Upper, Lower)","2 Energy (Available Actuators: Upper, Lower)","2(1) Energy (Available Actuators: Upper, Lower)","2(1) Energy (Available Actuators: Upper, Lower)","2 Energy (Available Actuators: Upper, Lower)","2 Energy (Available Actuators: Upper, Lower)"
,,,,,,,,,
,,,,,,,,,
,Gunslinger,GUN-1ERD,GUN-2ERD,GUN-1ERD (Jared),,,,,
,Overview,http://cfw.sarna.net/wiki/images/7/72/3055u_Gunslinger.jpg,,,,,,,
,Type,Battlemech,Battlemech,Battlemech,,,,,
,Tonnage,85,85,85,,,,,
,Engine,255 XL,255 XL,255 XL,,,,,
,Top Speed,48.6 kph,48.6 kph,48.6 kph,,,,,
,Max. Engine,310,310,310,,,,,
,Armor,Standard,Standard,Standard,,,,,
,Internal Structure,Standard,Standard,Standard,,,,,
,Heat Sinks,10 Double,10 Double,13 Double,,,,,
,Jump Jets,2,3,No,,,,,
,ECM Capable,Yes,Yes,Yes,,,,,
,MASC Capable,No,No,No,,,,,
,Weapons and Equipment,,,,,,,,
,Head,Small Laser,,Small Laser,,,,,
,Left Arm,"Gauss Rifle, Medium Pulse Laser",Gauss Rifle,"LRM-15, Streak SRM-4 x2, Medium Pulse Laser, SSRM Ammo x2",,,,,
,Left Torso,"Medium Laser x2, Gauss Ammo x2","C3 Computer Master, Medium Laser x2, Gauss Ammo x2","Medium Laser x2, LRM Ammo, Double Heat Sink x2",,,,,
,Center Torso,"Engine, BAP","Engine, Jump Jet","Engine, BAP",,,,,
,Right Torso,"Medium Laser x2, ECM, Gauss Ammo x3","Medium Laser x2, ECM, Gauss Ammo x3","Medium Laser x2, ECM, LRM Ammo x2, Double Heat Sink",,,,,
,Right Arm,"Gauss Rifle, Medium Pulse Laser",Gauss Rifle,"LRM-15, Streak SRM-4 x2, Medium Pulse Laser, SSRM Ammo x2",,,,,
,Left Leg,Jump Jet,Jump Jet,,,,,,
,Right Leg,Jump Jet,Jump Jet,,,,,,
,Hardpoints,,,,,,,,
,Head,1 Energy,,1 Energy,,,,,
,Left Arm,"1 Ballistic, 1 Energy (Available Actuators: Upper, Lower)","2(1) Ballistic (Available Actuators: Upper, Lower)","1 Energy, 3 Missile (Available Actuators: Upper, Lower)",,,,,
,Left Torso,2 Energy,2 Energy,2 Energy,,,,,
,Center Torso,,,,,,,,
,Right Torso,"2 Energy, 1 ECM","2 Energy, 1 ECM","2 Energy, 1 ECM",,,,,
,Right Arm,"1 Ballistic, 1 Energy (Available Actuators: Upper, Lower)","2(1) Ballistic (Available Actuators: Upper, Lower)","1 Energy, 3 Missile (Available Actuators: Upper, Lower)",,,,,
,,,,,,,,,
,,,,,,,,,
,Longbow,LGB-0W,LGB-7Q,LGB-7V,LGB-12C,,,,
,Overview,http://cfw.sarna.net/wiki/images/f/f4/Longbow.jpg,,,,,,,
,Type,Battlemech,Battlemech,Battlemech,Battlemech,,,,
,Tonnage,85,85,85,85,,,,
,Engine,340 Standard,255 Standard,255 XL,255 XL,,,,
,Top Speed,64.8 kph,48.6 kph,48.6 kph,48.6 kph,,,,
,Max. Engine,400,310,310,310,,,,
,Armor,Standard,Standard,Standard,Standard,,,,
,Internal Structure,Standard,Standard,Standard,Standard,,,,
,Heat Sinks,13 Single,22 Single,14 Double,12 Double,,,,
,Jump Jets,No,No,No,No,,,,
,ECM Capable,No,No,No,No,,,,
,MASC Capable,No,No,No,No,,,,
,Weapons and Equipment,,,,,,,,
,Head,Small Laser,,Medium Pulse Laser,ER Small Laser,,,,
,Left Arm,LRM-20,LRM-20,"LRM-20 Artemis, Double Heat Sink","LRM-20 Artemis, LRM-15 Artemis",,,,
,Left Torso,"LRM-5, LRM Ammo x2","LRM-5, Medium Laser, LRM Ammo x2, Single Heat Sink x4","Medium Pulse Laser x2, LRM Ammo x3, CASE, Double Heat Sink","LRM Ammo x5, CASE, Double Heat Sink",,,,
,Center Torso,"Engine, LRM Ammo x2","Engine, LRM Ammo","Engine, ER Large Laser","Engine, ER Small Laser x2",,,,
,Right Torso,"LRM-5, LRM Ammo x2","LRM-5, Medium Laser, LRM Ammo x2, Single Heat Sink x4","Medium Pulse Laser x2, LRM Ammo x3, CASE, Double Heat Sink","LRM Ammo x4, CASE, Double Heat Sink",,,,
,Right Arm,LRM-20,LRM-20,"LRM-20 Artemis, Double Heat Sink","LRM-20 Artemis, LRM-15 Artemis",,,,
,Left Leg,,Single Heat Sink x2,,,,,,
,Right Leg,,Single Heat Sink x2,,,,,,
,Hardpoints,,,,,,,,
,Head,1 Energy,,1 Energy,1 Energy,,,,
,Left Arm,2(1) Missile (Available Actuators: Upper),2(1) Missile (Available Actuators: Upper),1 Missile (Available Actuators: Upper),3(2) Missile (Available Actuators: Upper),,,,
,Left Torso,1 Missile,"1 Energy, 1 Missile",2 Energy,,,,,
,Center Torso,,,1 Energy,2 Energy,,,,
,Right Torso,1 Missile,"1 Energy, 1 Missile",2 Energy,,,,,
,Right Arm,2(1) Missile (Available Actuators: Upper),2(1) Missile (Available Actuators: Upper),1 Missile (Available Actuators: Upper),3(2) Energy (Available Actuators: Upper),,,,
,,,,,,,,,
,,,,,,,,,
,Shogun,SHG-2E,SHG-2F,SHG-2H,SHG-C,,,,
,Overview,http://cfw.sarna.net/wiki/images/d/d2/3050U_Shogun.jpg,,,,,,,
,Type,Battlemech,Battlemech,Battlemech,Battlemech (Clantech),,,,
,Tonnage,85,85,85,85,,,,
,Engine,255 Standard,255 Standard,255 Standard,255 Standard,,,,
,Top Speed,48.6 kph,48.6 kph,48.6 kph,48.6 kph,,,,
,Max. Engine,310,310,310,310,,,,
,Armor,Standard,Standard,Ferro-Fibrous,Ferro-Fibrous,,,,
,Internal Structure,Standard,Standard,Standard,Standard,,,,
,Heat Sinks,17 Single,17 Single,13 Double,16 Double,,,,
,Jump Jets,3,3,3,3,,,,
,ECM Capable,No,No,No,No,,,,
,MASC Capable,No,No,No,No,,,,
,Weapons and Equipment,,,,,,,,
,Head,Single Heat Sink,Single Heat Sink,,,,,,
,Left Arm,LRM-15,LRM-15,LRM-15 Artemis,"LRM-20 Artemis, Double Heat Sink x2",,,,
,Left Torso,"SRM-6, SRM Ammo, LRM Ammo, CASE, Single Heat Sink x3","SRM-6, SRM Ammo, LRM Ammo, CASE, Single Heat Sink x3","Streak SRM-2 x2, LRM Ammo x2, CASE, Double Heat Sink x2","Streak SRM-6 x2, SSRM Ammo, LRM Ammo x2, Double Heat Sink",,,,
,Center Torso,"Engine, Jump Jet, Single Heat Sink","Engine, Jump Jet, Single Heat Sink","Engine, Jump Jet","Engine, Jump Jet",,,,
,Right Torso,"PPC, SRM-6, SRM Ammo, LRM Ammo, CASE","ER PPC, SRM-6, SRM Ammo, LRM Ammo, CASE","ER PPC, Streak SRM-2 x2, SSRM Ammo, LRM Ammo, CASE, Double Heat Sink","ER PPC, Streak SRM-6 x2, SSRM Ammo, LRM Ammo x2, Double Heat Sink",,,,
,Right Arm,LRM-15,LRM-15,LRM-15 Artemis,"LRM-20 Artemis, Double Heat Sink x2",,,,
,Left Leg,"Jump Jet, Single Heat Sink","Jump Jet, Single Heat Sink",Jump Jet,Jump Jet,,,,
,Right Leg,"Jump Jet, Single Heat Sink","Jump Jet, Single Heat Sink",Jump Jet,Jump Jet,,,,
,Hardpoints,,,,,,,,
,Head,,,,,,,,
,Left Arm,"2(1) Missile (Available Actuators: Upper, Lower)","1 Missile (Available Actuators: Upper, Lower)","1 Missile (Available Actuators: Upper, Lower)","1 Missile (Available Actuators: Upper, Lower)",,,,
,Left Torso,1 Missile,1 Missile,2 Missile,2 Missile,,,,
,Center Torso,,,,,,,,
,Right Torso,"1 Energy, 1 Missile","2(1) Energy, 1 Missile","1 Energy, 2 Missile","1 Energy, 2 Missile",,,,
,Right Arm,"2(1) Missile (Available Actuators: Upper, Lower)","1 Missile (Available Actuators: Upper, Lower)","1 Missile (Available Actuators: Upper, Lower)","1 Missile (Available Actuators: Upper, Lower)",,,,
,,,,,,,,,
,,,,,,,,,
,Templar,TLR1-O,TLR1-OA,TLR1-OB,TLR1-OC,TLR1-OD,TLR1-OE,TLR1-O (Grayson),TLR1-O (Tancred)
,Overview,http://cfw.sarna.net/wiki/images/6/60/Templar_TRO3067.png,,,,,,,
,Type,Omnimech,Omnimech,Omnimech,Omnimech,Omnimech,Omnimech,Omnimech,Omnimech
,Tonnage,85,85,85,85,85,85,85,85
,Engine,340 XL,340 XL,340 XL,340 XL,340 XL,340 XL,340 XL,340 XL
,Top Speed,64.8 kph,64.8 kph,64.8 kph,64.8 kph,64.8 kph,64.8 kph,64.8 kph,64.8 kph
,Armor,Standard,Standard,Standard,Standard,Standard,Standard,Standard,Standard
,Internal Structure,Endo-Steel,Endo-Steel,Endo-Steel,Endo-Steel,Endo-Steel,Endo-Steel,Endo-Steel,Endo-Steel
,Heat Sinks,14 Double,14 Double,17 Double,14 Double,13 Double,14 Double,14 Double,13 Double
,Jump Jets,No,4,No,4,No,No,3,No
,ECM Capable,No,Yes,No,No,No,Yes,No,No
,MASC Capable,No,No,No,No,No,No,No,No
,Weapons and Equipment,,,,,,,,
,Head,Fixed Structure Slot,Fixed Structure Slot,Fixed Structure Slot,Fixed Structure Slot,Fixed Structure Slot,Fixed Structure Slot,Fixed Structure Slot,Fixed Structure Slot
,Left Arm,"Large Pulse Laser, Medium Pulse Laser, Double Heat Sink, Fixed Structure Slot x4","ER PPC, Double Heat Sink, Fixed Structure Slot x4","ER PPC, Double Heat Sink, Fixed Structure Slot x4","ER PPC, Medium Pulse Laser x3, Fixed Structure Slot x4","Large X-Pulse Laser, Fixed Structure Slot x4","ER PPC, Double Heat Sink, Fixed Structure Slot x4","AC/5, Streak SRM-4 x2, Fixed Structure Slot x4","Rotary AC/5, Fixed Structure Slot x4"
,Left Torso,"Targeting Computer, Fixed Structure Slot x2","Targeting Computer, Jump Jet x2, Fixed Structure Slot x2","Double Heat Sink x2, Fixed Structure Slot x2","Medium Pulse Laser x2, ER Medium Laser, Double Heat Sink, Jump Jet, Fixed Structure Slot x2","Light Gauss Rifle, Fixed Structure Slot x2","Medium Pulse Laser, Small Laser, C3 Computer Master, Fixed Structure Slot x2","ER Medium Laser, Targeting Computer, Jump Jet, Fixed Structure Slot x2","Targeting Computer, Fixed Structure Slot x2"
,Center Torso,"Engine, ER Medium Laser x2","Engine, ECM","Engine, ER Medium Laser x2","Engine, Jump Jet x2","Engine, LGauss Ammo x2","Engine, ECM","Engine, Jump Jet, ER Medium Laser","Engine, ER Medium Laser x2"
,Right Torso,"Streak SRM-4, Gauss Ammo x2, SSRM Ammo, Fixed CASE, Fixed Structure Slot x2","UAC Ammo x3, SSRM Ammo, Jump Jet x2, Fixed CASE, Fixed Structure Slot x2","RAC Ammo x3, Double Heat Sink, Fixed CASE, Fixed Structure Slot x2","LB 20-X AC (2 slots), LBX Ammo x3, Jump Jet, Fixed CASE, Fixed Structure Slot x2","Light Gauss Rifle, Fixed CASE, Fixed Structure Slot x2","Medium Pulse Laser, LRM Ammo x5, Fixed CASE, Fixed Structure Slot x2","AC Ammo x4, SSRM Ammo, Jump Jet, Fixed CASE, Fixed Structure Slot x2","RAC Ammo x5, Fixed CASE, Fixed Structure Slot x2"
,Right Arm,"Gauss Rifle, Fixed Structure Slot","Ultra AC/10, Streak SRM-6, Fixed Structure Slot","Rotary AC/2 x3, Fixed Structure Slot","LB 20-X AC (9 slots), Fixed Structure Slot","Large X-Pulse Laser, Fixed Structure Slot","LRM-15 Artemis x2, Fixed Structure Slot","AC/5, ER Medium Laser x2, Double Heat Sink, Fixed Structure Slot","Rotary AC/5, ER Large Laser, ER Medium Laser, Fixed Structure Slot"
,Left Leg,Fixed Structure Slot x2,Fixed Structure Slot x2,Fixed Structure Slot x2,Fixed Structure Slot x2,Fixed Structure Slot x2,Fixed Structure Slot x2,Fixed Structure Slot x2,Fixed Structure Slot x2
,Right Leg,Fixed Structure Slot x2,Fixed Structure Slot x2,Fixed Structure Slot x2,Fixed Structure Slot x2,Fixed Structure Slot x2,Fixed Structure Slot x2,Fixed Structure Slot x2,Fixed Structure Slot x2
,Omnipods,,,,,,,,
,Head,,,,,,,,
,Left Arm,2 Energy (Available Actuators: Upper),1 Energy (Available Actuators: Upper),1 Energy (Available Actuators: Upper),4 Energy (Available Actuators: Upper),1 Energy (Available Actuators: Upper),1 Energy (Available Actuators: Upper),"1 Ballistic, 2 Missile (Available Actuators: Upper)",1 Ballistic (Available Actuators: Upper)
,Left Torso,,2 Jump Jet,,"3 Energy, 1 Jump Jet",1 Ballistic,2 Energy ,"1 Energy, 1 Jump Jet",
,Center Torso,2 Energy,ECM,2 Energy,2 Jump Jet,,ECM,"1 Energy, 1 Jump Jet",2 Energy
,Right Torso,1 Missile,2 Jump Jet,,1 Jump Jet,1 Ballistic,1 Energy,1 Jump Jet,
,Right Arm,1 Ballistic (Available Actuators: Upper),"1 Ballistic, 1 Missile (Available Actuators: Upper)",3 Ballistic (Available Actuators: Upper),1 Ballistic (Available Actuators: Upper),1 Energy (Available Actuators: Upper),2 Missile (Available Actuators: Upper),"1 Ballistic, 2 Energy (Available Actuators: Upper)","1 Ballistic, 2 Energy (Available Actuators: Upper)"
,,,,,,,,,
,,,,,,,,,
,Goliath,GOL-1H,GOL-3M,GOL-3S,GOL-2H,GOL-4S,GOL-5D,,
,Overview,http://cfw.sarna.net/wiki/images/d/d3/3025_goliath.jpg,,,,,,,
,Type,Battlemech (Quad),Battlemech (Quad),Battlemech (Quad),Battlemech (Quad),Battlemech (Quad),Battlemech (Quad),,
,Tonnage,80,80,80,80,80,80,,
,Engine,320 Standard,320 XL,320 Light Fusion,320 Standard,320 Light Fusion,320 Standard,,
,Top Speed,64.8 kph,64.8 kph,64.8 kph,64.8 kph,64.8 kph,64.8 kph,,
,Max. Engine,385,385,385,385,385,385,,
,Armor,Standard,Standard,Standard,Ferro-Fibrous,Standard,Standard,,
,Internal Structure,Standard,Standard,Standard,Standard,Standard,Standard,,
,Heat Sinks,17 Single,17 Single,10 Double,17 Single,10 Double,12 Double,,
,Jump Jets,No,No,No,No,No,No,,
,ECM Capable,No,No,No,No,No,No,,
,MASC Capable,No,No,No,No,No,No,,
,Weapons and Equipment,,,,,,,,
,Head,Single Heat Sink,Single Heat Sink,ER Medium Laser,Single Heat Sink,,ER Medium Laser,,
,Front Left Leg,Single Heat Sink,Single Heat Sink,ER Medium Laser,Single Heat Sink,HGauss Ammo,,,
,Left Torso,"LRM-10, Machine Gun, MG Ammo","LRM-10, Machine Gun, LRM Ammo x2, MG Ammo x2, CASE",LB 20-X AC (10 Slots),"LRM-10, Rocket Launcher 10 x3","Heavy Gaus (9 Slots), CASE","Rotary AC/5, RAC Ammo x3, MG Ammo, CASE",,
,Center Torso,"Engine, LRM Ammo x2","Engine, Machine Gun, Gauss Ammo","Engine, ER Large Laser","Engine, LRM Ammo x2","Engine, Heavy Gauss (2 Slots)","Engine, Machine Gun x2",,
,Right Torso,"PPC, LRM-10, Machine Gun","Gauss Rifle, LRM-10","LRM-10, LBX Ammo x4, LRM Ammo x2, CASE","ER PPC, LRM-10, Rocket Launcher 10 x3","LRM-10, ER Medium Laser x2, LRM Ammo x2, CASE","ER Medium Laser x3, Targeting Computer",,
,Front Right Leg,Single Heat Sink,Single Heat Sink,ER Medium Laser,Single Heat Sink,HGauss Ammo,,,
,Rear Left Leg,Single Heat Sink,Single Heat Sink,LB 20-X AC (1 Slot),Single Heat Sink,HGauss Ammo,MG Ammo,,
,Rear Right Leg,Single Heat Sink,Single Heat Sink,,Single Heat Sink,HGauss Ammo,MG Ammo,,
,Hardpoints,,,,,,,,
,Head,,,1 Energy,,,1 Energy,,
,Front Left Leg,"(Actuators: Upper, Lower, Foot)","(Actuators: Upper, Lower, Foot)","1 Energy (Actuators: Upper, Lower, Foot)","(Actuators: Upper, Lower, Foot)","(Actuators: Upper, Lower, Foot)","(Actuators: Upper, Lower, Foot)",,
,Left Torso,"1 Ballistic, 1 Missile","2(1) Ballistic, 1 Missile",3(1) Ballistic,4 Missile,2(1) Ballistic,2(1) Ballistic,,
,Center Torso,,1 Ballistic,1 Energy,,,2 Ballistic,,
,Right Torso,"1 Ballistic, 2(1) Energy, 1 Missile","2(1) Ballistic, 1 Energy",1 Missile,"1 Energy, 4 Missile","2(1) Missile, 2 Energy",3 Energy,,
,Front Right Leg,"(Actuators: Upper, Lower, Foot)","(Actuators: Upper, Lower, Foot)","1 Energy (Actuators: Upper, Lower, Foot)","(Actuators: Upper, Lower, Foot)","(Actuators: Upper, Lower, Foot)","(Actuators: Upper, Lower, Foot)",,
,Rear Left Leg,"(Actuators: Upper, Lower, Foot)","(Actuators: Upper, Lower, Foot)","(Actuators: Upper, Lower, Foot)","(Actuators: Upper, Lower, Foot)","(Actuators: Upper, Lower, Foot)","(Actuators: Upper, Lower, Foot)",,
,Rear Right Leg,"(Actuators: Upper, Lower, Foot)","(Actuators: Upper, Lower, Foot)","(Actuators: Upper, Lower, Foot)","(Actuators: Upper, Lower, Foot)","(Actuators: Upper, Lower, Foot)","(Actuators: Upper, Lower, Foot)",,
,,,,,,,,,
,,,,,,,,,
,Grand Crusader,GRN-D-01,GRN-D-02,GRN-D-03,GRN-D-04,,,,
,Overview,http://cfw.sarna.net/wiki/images/2/22/GrandCrusader.jpg,http://www.sarna.net/wiki/Grand_Crusader,,,,,,
,Type,Battlemech,Battlemech,Battlemech,Battlemech,,,,
,Tonnage,80,80,80,80,,,,
,Engine,240 XL,240 XL,320 Light Fusion,320 Light Fusion,,,,
,Top Speed,48.6 kph,48.6 kph,64.8 kph,64.8 kph,,,,
,Max. Engine,290,290,385,385,,,,
,Armor,Standard,Standard,Standard,Standard,,,,
,Internal Structure,Endo-Steel,Endo-Steel,Endo-Steel,Endo-Steel,,,,
,Heat Sinks,10 Double,10 Double,12 Double,11 Double,,,,
,Jump Jets,No,No,4,4,,,,
,ECM Capable,No,No,No,No,,,,
,MASC Capable,No,No,TSM,TSM,,,,
,Weapons and Equipment,,,,,,,,
,Head,AMS,,,,,,,
,Left Arm,"Large Pulse Laser, Medium Pulse Laser, Double Heat Sink","Large Pulse Laser, LRM-5, Double Heat Sink","ER Medium Laser x3, TSM Slot","Light Gauss Rifle, ER Medium Laser, TSM Slot",,,,
,Left Torso,"LRM-20 Artemis, LRM Ammo x3","LRM-20 Artemis, LRM Ammo x3","Streak SRM-6, SSRM Ammo, CASE, TSM Slot x2","Streak SRM-6, SSRM Ammo, Gauss Ammo x2, CASE, TSM Slot x2",,,,
,Center Torso,"Engine, AMS Ammo x2","Engine, LRM Ammo","Engine, C3 Computer","Engine, Improved C3 Computer",,,,
,Right Torso,"LRM-20 Artemis, LRM Ammo x3","LRM-20 Artemis, LRM Ammo x3","LRM-15 Artemis, LRM Ammo, TSM Slot x2",TSM Slot x2,,,,
,Right Arm,"Large Pulse Laser, Medium Pulse Laser","Large Pulse Laser, LRM-5","ER Large Laser x2, TSM Slot","ER PPC, ER Medium Laser, TSM Slot",,,,
,Left Leg,,,Jump Jet x2,,,,,
,Right Leg,,,Jump Jet x2,,,,,
,Hardpoints,,,,,,,,
,Head,1 AMS,,,,,,,
,Left Arm,2 Energy (Available Actuators: Upper),"1 Energy, 1 Missile (Available Actuators: Upper)",3 Energy (Available Actuators: Upper),"2(1) Ballistic, 1 Energy (Available Actuators: Upper)",,,,
,Left Torso,2(1) Missile,2(1) Missile,1 Missile,1 Missile,,,,
,Center Torso,,,,,,,,
,Right Torso,2(1) Missile,2(1) Missile,2(1) Missile,,,,,
,Right Arm,2 Energy (Available Actuators: Upper),"1 Energy, 1 Missile (Available Actuators: Upper)",2 Energy (Available Actuators: Upper),3(2) Energy (Available Actuators: Upper),,,,
,,,,,,,,,
,,,,,,,,,
,Salamander,PPR-5S,PPR-5T,PPR-6S,PPR-6T,PPR-7S,,,
,Overview,http://cfw.sarna.net/wiki/images/2/22/3055u_Salamander.jpg,http://www.sarna.net/wiki/Salamander_(BattleMech),,,,,,
,Type,Battlemech,Battlemech,Battlemech,Battlemech,Battlemech,,,
,Tonnage,80,80,80,80,80,,,
,Engine,320 XL,400 XL,320 XL,320 XL,320 Light Fusion,,,
,Top Speed,64.8 kph,81 kph,64.8 kph,64.8 kph,64.8 kph,,,
,Max. Engine,385,400,385,385,385,,,
,Armor,Standard,Standard,Standard,Standard,Standard,,,
,Internal Structure,Endo-Steel,Endo-Steel,Endo-Steel,Endo-Steel,Endo-Steel,,,
,Heat Sinks,10 Double,10 Double,12 Double,14 Double,10 Double,,,
,Jump Jets,No,No,No,No,4,,,
,ECM Capable,No,No,No,No,No,,,
,MASC Capable,No,No,No,No,No,,,
,Weapons and Equipment,,,,,,,,
,Head,,,,,,,,
,Left Arm,"LRM-20, LRM Ammo x3",LRM-15,"SRM-6, SRM Ammo, LRM Ammo x3","Large Pulse Laser, Double Heat Sink x2","LRM-15 Artemis, LRM Ammo x2",,,
,Left Torso,"LRM-20, LRM Ammo x3, CASE","LRM-15, LRM Ammo x3, CASE","LRM-20 Artemis, LRM Ammo x2, CASE","LRM-20, LRM Ammo x3, CASE","LRM-15 Artemis, LRM Ammo x2, CASE",,,
,Center Torso,"Engine, Medium Laser x2","Engine, Small Laser x2","Engine, Medium Pulse Laser x2","Engine, Medium Pulse Laser x2","Engine, ER Medium Laser x2",,,
,Right Torso,"LRM-20, LRM Ammo x3, CASE","LRM-15, LRM Ammo x3, CASE","LRM-20 Artemis, LRM Ammo x2, CASE","LRM-20, LRM Ammo x3, CASE","LRM-15 Artemis, LRM Ammo x2, CASE",,,
,Right Arm,,,,,,,,
,Left Leg,,,,,Jump Jet x2,,,
,Right Leg,,,,,Jump Jet x2,,,
,Hardpoints,,,,,,,,
,Head,,,,,,,,
,Left Arm,"2(1) Missile (Available Actuators: Upper, Lower)","1 Missile (Available Actuators: Upper, Lower)","3(1) Missile (Available Actuators: Upper, Lower)","2(1) Energy (Available Actuators: Upper, Lower)","1 Missile (Available Actuators: Upper, Lower)",,,
,Left Torso,2(1) Missile,2(1) Missile,2(1) Missile,2(1) Missile,2(1) Missile,,,
,Center Torso,2 Energy,2 Energy,2 Energy,2 Energy,2 Energy,,,
,Right Torso,2(1) Missile,2(1) Missile,1 Missile,2(1) Missile,2(1) Missile,,,
,Right Arm,"(Available Actuators: Upper, Lower, Hand)","(Available Actuators: Upper, Lower, Hand)","(Available Actuators: Upper, Lower, Hand)","(Available Actuators: Upper, Lower, Hand)","(Available Actuators: Upper, Lower, Hand)",,,